vendor	files	bytes	truncated	listfails	nosize
3DLabs	9	11105482	False	0	0
3Ware	42	315110832	False	0	0
3com	1086	669406497	False	0	0
3dfx	274	321670465	False	0	0
10GTek	1	38797312	False	0	0
ADS	1	126976	False	0	0
AGFEO	58	21792521	False	0	0
AGP	1	54525952	False	0	0
AOOSTAR	27	12418397844	False	0	0
APC	27	101218628	False	0	0
ARK	16	3520838	False	0	0
AST	29	429483910	False	0	0
ASUS	353	5104392802	False	0	0
ATEN	3	16282624	False	0	0
ATI	269	4854151249	False	0	0
ATT	360	1020570013	False	0	12
AVM_Fritzcard	84	17998238	False	0	0
AVT	1	272384	False	0	0
Acculogic	15	2864201	False	0	0
AdLib	140	388308386	False	0	0
Adaptec	105	9329609	False	0	0
Ali	9	15787314	False	0	0
Alliance	15	1024352	False	0	0
Allnet_Prism54_WLAN	9	3839180	False	0	0
Amazon	4	396361728	False	0	0
Analog Kid	1	130048	False	0	0
Apple	72	1788678331	False	0	0
Applied Reasoning	5	7360203	False	0	0
Arris	2	5662310	False	0	0
Asrock	4	41418751	False	0	0
Atari	2	135321	False	0	0
Atlona	4	6847486	False	0	0
Atomos	14	1617569687	False	0	0
AudioTrix	1	7340032	False	0	0
Aureal	47	321964445	False	0	0
AvanceLogic	10	5739315	False	0	0
Avermedia	8	386296626	False	0	0
Aztech	360	330652228	False	0	0
BSM	3	452651	False	0	0
BT848	2	309290	False	0	0
Barrina	1	4823449	False	0	0
Bissel	2	19084083	False	0	0
Blackmagic Design	51	3682594048	False	0	0
Boca	1239	289354184	False	0	0
Boss	6	19731691	False	0	0
Brother	7	803838361	False	0	0
BusLogic	4	900710	False	0	0
CGA TTL RGB converters	17	29277176	False	0	0
CH375D5 USB ISA adapter	3	20479	False	0	0
CH Products	3	888915	False	0	0
Canon	12	344898968	False	0	0
Cardinal	24	182557076	False	0	0
Casio	2	170917888	False	0	0
Central Point	1175	201206670	False	0	51
Cheetah	9	52455064	False	0	0
Chips	3	1206579	False	0	0
CineMaster	34	39183313	False	0	0
Cirrus Logic	35	28302128	False	0	0
Citizen	7	90007	False	0	0
Comfast	1	4299161	False	0	0
Commodore	10	3571797	False	0	0
Common components	1	394240	False	0	0
Compaq	14381	10116370501	False	0	0
Computalker	3	393365	False	0	0
Contour	4	2948607	False	0	0
Cooler Master	2	5242879	False	0	0
Corel	28	53453533	False	0	0
Corona	37	134990737	False	0	0
Corsair	3	15309209	False	0	0
Covox	250	297247944	False	0	0
Creative	2371	7039476258	False	0	44
Crucial	2	243479347	False	0	0
CyberPower	3	1957888	False	0	0
Cybernetic Systems	3	3791666	False	0	0
Cyrix	1	132096	False	0	0
D-Link	1	13631488	False	0	0
DATRAN	6	5872070	False	0	0
DFI	5	5431008	False	0	0
DOS Packet Drivers	9	2808729	False	0	0
DPS	3	2129100	False	0	0
DRBIOS	1	1433	False	0	0
DSP Solutions	63	22591818	False	0	0
DTK	1196	42921630	False	0	0
Dallas	1	16384	False	0	0
Data Base Decisions (Periscope)	11	109347921	False	0	0
Datatech	5	3973192	False	0	0
Datel	11	61686168	False	0	0
Dell	330	36828255849	False	0	0
Deltagold	41	502972444	False	0	0
Depstech	1	1887436	False	0	0
Designer	4	6564394	False	0	0
Dexxa	3	587864	False	0	0
Diagnostic Tools	84	25010291	False	0	0
Diamond	74	438915506	False	0	0
Diamond Computer Systems	27	25445786	False	0	18
Digispeech	8	6249227	False	0	0
Digital Vision	49	9246152	False	0	6
Disney Sound Source	11	2937343	False	0	0
Driver scanners for Modern Windows	1	19922944	False	0	0
EMU	12	1787316129	False	0	0
EPOX	1	12582912	False	0	0
ESS	1	1572864	False	0	0
EVGA	3024	2462695008	False	0	0
Eagle	2	4607	False	0	0
Elgato	1	106954752	False	0	0
Epiphan	52	38289179	False	0	0
Epson	18	1291591883	False	0	0
Extron	4	11776409	False	0	0
Focusrite	10	185894296	False	0	0
Ford	1	5242880	False	0	0
Foxconn	1	7130316	False	0	0
Fractal Design	2	30058496	False	0	0
Fujitsu	37	10294308975	False	0	0
GVM	1	1048576	False	0	0
GameFrame	3	2316697	False	0	0
Garmin	4	264346009	False	0	0
Gateway 2000	16	1379150845	False	0	0
Genoa	1	2621440	False	0	0
Gigabyte	197	12273459840	False	0	0
GoPro	3	183717273	False	0	0
Gonbes	1	282624	False	0	0
Google	2	1404567551	False	0	0
Gravis	2754	3376660401	False	0	0
Grid	9	50211632	False	0	0
Guillemot	570	570634530	False	0	0
HP	339	13092840898	False	0	0
HP LightScribe	1	12582912	False	0	0
HTC	1	1153433	False	0	0
HardwareDoc	71	257797432	False	0	0
Harman Kardon	4	12478701	False	0	0
Hauppauge	8	48829029	False	0	0
Hearsay	1	564224	False	0	0
Hercules	21	570456958	False	0	0
HighPoint	28	545341	False	0	0
Hitachi	7	13469079	False	0	0
Hollyland	1	2726297	False	0	0
Honda	1	1258291	False	0	0
Humor	2	152473	False	0	0
Hunter	1	1782579	False	0	0
Hyperion	1	457728	False	0	0
Hyundai	3	15417344	False	0	0
I-O Data	72	56265671	False	0	0
I.DEN	1	42991616	False	0	0
IBM	6782	25528367536	False	0	583
IIT	2	5234483	False	0	0
IOMega	29	881477511	False	0	0
ITT	2	737280	False	0	0
Ikea	1	2097152	False	0	0
InfoChip	18	4038593	False	0	0
Innovation	1	603136	False	0	0
Insta360	7	2724200448	False	0	0
Intel	139	1519997391	False	0	0
JVC	10	25528932	False	0	0
Jacuzzi	2	1175552	False	0	0
KATT	122	23601610008	False	0	0
Kensington	4	310063923	False	0	0
Koala	33	3324006	False	0	0
Kraft	3	318557	False	0	0
Kryoflux	21	88518857	False	0	0
Kyro	10	41508452	False	0	0
LG	299	14854006443	False	0	0
LIM_EMS	104	619065	False	0	0
LSI	4	2558873	False	0	0
Landmark	2	19005440	False	0	0
Lavazza	2	2516582	False	0	0
Leading Edge	58	1764280070	False	0	0
Linksys	15	92122779	False	0	0
Logitech	16	855025520	False	0	0
MDCF	1	1258291	False	0	0
MISRC	1	8074035	False	0	0
MSI	60	7909821810	False	0	0
MTM Scientific	1	50331648	False	0	0
Magnavox	3	6789734	False	0	0
MakeMHz	1	20971520	False	0	0
Maono	30	70381054	False	0	0
Matrox	1478	9316898973	False	0	0
Maxim	2	77824	False	0	0
Maxtor	3	4404018	False	0	0
Maytag	8	38432415	False	0	0
Mazda	1	4299161	False	0	0
Media Vision	40	204398587	False	0	0
Micro Mainframe	1	626688	False	0	0
Micro Solutions	4	168006	False	0	0
Microlog	18	336225484	False	0	0
Microsoft	13	319356721	False	0	0
Microsync	1	1945	False	0	0
Microtek	4	174273331	False	0	0
Mindscape	11	651526450	False	0	0
Miracle Piano Teaching System	22	6160385	False	0	0
Miscellaneous	2668	14950731543	False	49	86
Monoprice	3	66713804	False	0	0
Motorola	1	892928	False	0	0
Mouse Systems	3	593998	False	0	0
Multitech	1	10485760	False	0	0
Mustek	5	69121228	False	0	0
NEC	9	146186648	False	0	0
Netgear	18	535334764	False	0	0
Niscan	12	2838817	False	0	0
Nissan	6	10325196	False	0	0
NoCry	1	11534336	False	0	0
Nook	13	208663755	False	0	0
NumberNine	752	219716390	False	0	0
Olivetti	199	762560846	False	0	12
Olympus	2	3628851	False	0	0
Opti	4	3487744	False	0	0
Orchid	49	101640616	False	0	2
Otrona	5	104448	False	0	0
PC Light Pens	1	133	False	0	0
PC Music Wonder II	1	926720	False	0	0
PCSG	3	3402137	False	0	0
Palm	1	22020096	False	0	0
Panasonic	129	3063562695	False	0	0
Paper Cutters	3	96153600	False	0	0
Paradise	7	63193803	False	0	0
Perstor	9	5237452	False	0	0
Petsafe	1	675840	False	0	0
Philips	2	669696	False	0	0
Pinnacle	8	235195596	False	0	0
Pioneer	5	582799474	False	0	0
Plextor	1	213909504	False	0	0
Plus	18	6629074	False	0	0
Plustek	6	870740992	False	0	0
Polar	2	185597952	False	0	0
Precor	1	988160	False	0	0
Primax	11	142606332	False	0	0
Printables	3	3466854	False	0	0
Quadram	32	125598363	False	0	0
Quantum	3	305152	False	0	0
RALINK	5	95346483	False	0	0
RAZER	1	19922944	False	0	0
REI	1	1153433	False	0	0
RGB2HDMI	5	5890943	False	0	0
RadioShack	1	129024	False	0	0
Realtek	1	225280	False	0	0
Rendition	22	300638614	False	0	0
Repairs and upgrades	2	506881638	False	0	0
Restoration Info	1	2048	False	0	0
Retrotronics	1	8601	False	0	0
Rode	1	2831155	False	0	0
Roland	22	36376573	False	0	0
Rosewill	5	364485017	False	0	0
S3	1660	164409903	False	0	0
SIS	46	47738902	False	0	0
SMC	33	10460407	False	0	0
SORBUS	3	675969	False	0	0
STB	40	31316985	False	0	0
Samsung	2305	2709166342	False	0	0
SanDisk	2	334495744	False	0	0
Sanyo	33	100659525	False	0	0
Saramonic	1	374784	False	0	0
Schwinn	2	2256076	False	0	0
Seagate	26	1241236357	False	0	0
Serdaco	3	430284	False	0	0
Shark	2	7924326	False	0	0
Sigma	6	7106150	False	0	0
Sigma Designs	1	28311552	False	0	0
SiliconMotion	1	44032	False	0	0
Silicon Valley	2	528384	False	0	0
Simon Raybould	1	265216	False	0	0
Snell and Wilcox	1	6606028	False	0	0
Sodola	1	592896	False	0	0
SoftwareManuals	5	69101158	False	0	0
Soleus	2	3879730	False	0	0
Sony	38	451664278	False	0	0
Sperry	1	11264	False	0	0
Stac	6	1847576	False	0	0
Standard Microsystems	1	5324	False	0	0
StarTech	20	1486257763	False	0	0
Steelcase	2	1565286	False	0	0
Street Electronics	20	5124729	False	0	0
Sun	1	7444889	False	0	0
Sunjoe	1	3145728	False	0	0
SuperMicro	23	788206897	False	0	0
SyQuest	24	842594	False	0	0
SystemDemoDisks	32	16977303	False	0	0
TCL	6	23005798	False	0	0
TPLink	162	213524640	False	0	0
TSENG	313	668559677	False	0	0
Tandy	680	5136959845	False	0	107
Televideo	9	39132363	False	0	0
TerraTec	788	1853604052	False	0	0
Terraonion	5	199869440	False	0	0
TexElec	653	15588486	False	0	0
Texas Instruments	1	863232	False	0	0
Thermaltake	1	1992294	False	0	0
Thrustmaster	1	18432	False	0	0
Top-Longer	1	144703488	False	0	0
Toshiba	88	23727334	False	0	0
Trendnet	9	21560932	False	0	0
Trident	13	5791562	False	0	0
Turtle Beach	26	1128421837	False	0	0
UHD drive firmware	2	73505177	False	0	0
UMC	113	3348789	False	0	0
UPnP Universal Plug And Play	4	3368345	False	0	0
USB-AVCPT video DVD maker	416	1167056316	False	0	0
VESA Drivers	85	1698090	False	0	0
Vantrue	3	6304768	False	0	0
Vendex	2	7441612	False	0	0
Via	133	804032586	False	0	0
Victor	1	962560	False	0	0
Video Seven	3	2449817	False	0	0
Videonics	7	1968521830	False	0	0
ViewSonic	1	267386880	False	0	0
VisionTek	1	231735296	False	0	0
Vizio	3	13706239	False	0	0
Voodoo	2	183369728	False	0	0
Votrax	1	2411724	False	0	0
Warp Speed	1	35840	False	0	0
Western Digital	29	49497164	False	0	0
XT-IDE	389	21700858	False	0	0
Xerox	32	90189625	False	0	0
Xircom	41	411030089	False	0	0
Yamaha	195	55284890	False	0	0
Z-NIX	3	633929	False	0	0
Zenith	9	40519160	False	0	0
Zoom	30	153421202	False	0	0
abit	559	1053254139	False	0	0
acer	12	496331	False	0	0
adata	5	278921307	False	0	0
audio-technica	3	1521664	False	0	0
broadcom	6	659456	False	0	0
canopus	1	193986560	False	0	0
chaintech	201	340711398	False	0	0
datacolor	3	12942745	False	0	0
datavideo	1	130048	False	0	0
eSATA RAID card	60	35836288	False	0	0
gglabs	3	1545647	False	0	0
greenworks	1	10066329	False	0	0
homebrew	1	45056	False	0	0
iRiver	8	65428682	False	0	0
jtag programming	48	1075362832	False	0	0
little tikes	9	744102912	False	0	0
lo-tech	24	497661	False	0	0
m-audio	1	8074035	False	0	0
ne2000	53	3941543	False	0	0
nvidia	2073	16306994241	False	0	0
oak	44	4143203	False	0	0
polpo	2	8533606	False	0	0
raphnet	5	46283	False	0	0
unknown	372	579287333	False	0	0
unsorted	13905	11159929022	False	0	37
uokoo	3	24117248	False	0	2
videologic	1	2202009	False	0	0
x-rite	8	1399186432	False	0	0
